<?xml version="1.0" encoding="UTF-8"?>
<products name="product-list">
<!--    name l thuộc tính, "product-list": giá trị của thuộc tính-->
    <product pCode="1">
        <code>1</code>
        <name>Corona Extra</name>
        <price>21000</price>
        <slogan>Tôi ko nhớ...</slogan>
    </product>

    <product pCode="2">
        <code>2</code>
        <name>Blanc 1664</name>
        <price>23000</price>
        <slogan>Bia vị chất - Gu độc nhất</slogan>
    </product>

    <product pCode="3">
        <code>3</code>
        <name>Blanc 1900</name>
        <price>25000</price>
        <slogan>Tôi không tin...</slogan>
    </product>
</products>

